id,price
0,1670000.0
1,2470000.0
2,1430000.0
3,2330000.0
4,4840000.0
5,2160000.0
6,990000.0
7,740000.0
8,1550000.0
9,1360000.0
10,950000.0
11,540000.0
12,760000.0
13,1540000.0
14,760000.0
15,1290000.0
16,590000.0
17,820000.0
18,1070000.0
19,820000.0
20,390000.0
21,1080000.0
22,1600000.0
23,420000.0
24,2810000.0
25,1100000.0
26,1500000.0
27,1230000.0
28,1020000.0
29,3190000.0
30,1370000.0
31,1360000.0
32,3120000.0
33,3320000.0
34,3260000.0
35,770000.0
36,810000.0
37,2450000.0
38,1030000.0
39,750000.0
40,2490000.0
41,860000.0
42,390000.0
43,1440000.0
44,1170000.0
45,620000.0
46,2440000.0
47,540000.0
48,1200000.0
49,1170000.0
50,6870000.0
51,1470000.0
52,1730000.0
53,2840000.0
54,1310000.0
55,2250000.0
56,530000.0
57,910000.0
58,1120000.0
59,2950000.0
60,450000.0
61,570000.0
62,1330000.0
63,450000.0
64,3580000.0
65,460000.0
66,1310000.0
67,5100000.0
68,450000.0
69,5560000.0
70,750000.0
71,740000.0
72,1150000.0
73,1440000.0
74,1120000.0
75,2520000.0
76,2380000.0
77,1400000.0
78,3240000.0
79,3150000.0
80,1770000.0
81,2890000.0
82,870000.0
83,1270000.0
84,670000.0
85,540000.0
86,900000.0
87,2540000.0
88,1230000.0
89,680000.0
90,1120000.0
91,1120000.0
92,690000.0
93,1790000.0
94,960000.0
95,1260000.0
96,670000.0
97,1250000.0
98,3220000.0
99,1910000.0
100,1150000.0
101,810000.0
102,4240000.0
103,480000.0
104,780000.0
105,560000.0
106,2390000.0
107,1470000.0
108,1610000.0
109,1120000.0
110,1100000.0
111,2190000.0
112,780000.0
113,4430000.0
114,8730000.0
115,2100000.0
116,1020000.0
117,870000.0
118,4970000.0
119,1220000.0
120,5940000.0
121,3060000.0
122,1100000.0
123,1290000.0
124,1400000.0
125,3610000.0
126,670000.0
127,1280000.0
128,2530000.0
129,1280000.0
130,5190000.0
131,680000.0
132,1430000.0
133,1610000.0
134,1760000.0
135,1070000.0
136,2440000.0
137,3090000.0
138,2010000.0
139,930000.0
140,1560000.0
141,1150000.0
142,1620000.0
143,730000.0
144,1230000.0
145,220000.0
146,2200000.0
147,1400000.0
148,4870000.0
149,2510000.0
150,6910000.0
151,2720000.0
152,1540000.0
153,250000.0
154,1600000.0
155,590000.0
156,1400000.0
157,2100000.0
158,1750000.0
159,940000.0
160,520000.0
161,2480000.0
162,1280000.0
163,1010000.0
164,520000.0
165,690000.0
166,1930000.0
167,260000.0
168,2710000.0
169,520000.0
170,450000.0
171,1130000.0
172,220000.0
173,1030000.0
174,1180000.0
175,950000.0
176,3370000.0
177,1180000.0
178,6900000.0
179,1280000.0
180,1050000.0
181,600000.0
182,500000.0
183,1650000.0
184,5460000.0
185,5190000.0
186,1890000.0
187,1460000.0
188,5530000.0
189,2240000.0
190,2980000.0
191,2210000.0
192,670000.0
193,400000.0
194,2710000.0
195,2540000.0
196,1050000.0
197,1510000.0
198,1620000.0
199,1680000.0
200,900000.0
201,2900000.0
202,1240000.0
203,1320000.0
204,3240000.0
205,2680000.0
206,850000.0
207,2610000.0
208,910000.0
209,860000.0
210,440000.0
211,1350000.0
212,1620000.0
213,1230000.0
214,960000.0
215,330000.0
216,1670000.0
217,2360000.0
218,590000.0
219,1080000.0
220,680000.0
221,350000.0
222,610000.0
223,1030000.0
224,380000.0
225,1880000.0
226,2210000.0
227,6240000.0
228,6030000.0
229,1900000.0
230,6880000.0
231,7050000.0
232,280000.0
233,1230000.0
234,650000.0
235,430000.0
236,6460000.0
237,6300000.0
238,1110000.0
239,1880000.0
240,1100000.0
241,1180000.0
242,2470000.0
243,1480000.0
244,1150000.0
245,480000.0
246,510000.0
247,860000.0
248,1940000.0
249,2420000.0
250,2700000.0
251,1250000.0
252,1120000.0
253,1360000.0
254,730000.0
255,1180000.0
256,510000.0
257,2890000.0
258,1770000.0
259,1660000.0
260,640000.0
261,1410000.0
262,1050000.0
263,1590000.0
264,450000.0
265,970000.0
266,680000.0
267,2240000.0
268,160000.0
269,650000.0
270,630000.0
271,1850000.0
272,1400000.0
273,1350000.0
274,770000.0
275,560000.0
276,2820000.0
277,1200000.0
278,900000.0
279,1050000.0
280,1000000.0
281,480000.0
282,830000.0
283,660000.0
284,1480000.0
285,640000.0
286,820000.0
287,890000.0
288,2540000.0
289,2240000.0
290,1060000.0
291,1150000.0
292,1090000.0
293,1120000.0
294,210000.0
295,560000.0
296,680000.0
297,680000.0
298,810000.0
299,1190000.0
300,370000.0
301,1810000.0
302,860000.0
303,1210000.0
304,1910000.0
305,1850000.0
306,1140000.0
307,440000.0
308,1250000.0
309,950000.0
310,970000.0
311,1210000.0
312,1310000.0
313,560000.0
314,240000.0
315,820000.0
316,430000.0
317,2030000.0
318,1240000.0
319,5860000.0
320,1370000.0
321,860000.0
322,710000.0
323,2660000.0
324,6840000.0
325,1760000.0
326,440000.0
327,1320000.0
328,1250000.0
329,1050000.0
330,920000.0
331,810000.0
332,1610000.0
333,1130000.0
334,1810000.0
335,810000.0
336,310000.0
337,1030000.0
338,2140000.0
339,700000.0
340,690000.0
341,1200000.0
342,2680000.0
343,1330000.0
344,720000.0
345,1080000.0
346,310000.0
347,1210000.0
348,1460000.0
349,1050000.0
350,3260000.0
351,960000.0
352,2420000.0
353,1810000.0
354,2430000.0
355,2150000.0
356,3140000.0
357,2100000.0
358,1450000.0
359,460000.0
360,1250000.0
361,1270000.0
362,3570000.0
363,1190000.0
364,910000.0
365,1240000.0
366,1460000.0
367,1550000.0
368,410000.0
369,5990000.0
370,610000.0
371,630000.0
372,270000.0
373,1230000.0
374,2000000.0
375,820000.0
376,1240000.0
377,690000.0
378,1790000.0
379,1990000.0
380,1570000.0
381,1930000.0
382,900000.0
383,690000.0
384,1210000.0
385,1140000.0
386,910000.0
387,1370000.0
388,600000.0
389,2560000.0
390,1240000.0
391,2030000.0
392,1350000.0
393,980000.0
394,2250000.0
395,1250000.0
396,1240000.0
397,4830000.0
398,3650000.0
399,1160000.0
400,1000000.0
401,490000.0
402,1380000.0
403,600000.0
404,590000.0
405,1030000.0
406,1130000.0
407,1630000.0
408,2430000.0
409,820000.0
410,930000.0
411,1600000.0
412,2510000.0
413,270000.0
414,990000.0
415,2770000.0
416,2360000.0
417,950000.0
418,1370000.0
419,1880000.0
420,1460000.0
421,320000.0
422,1080000.0
423,1130000.0
424,2180000.0
425,1500000.0
426,430000.0
427,1000000.0
428,1730000.0
429,5420000.0
430,2840000.0
431,1090000.0
432,1940000.0
433,2010000.0
434,1400000.0
435,480000.0
436,640000.0
437,3060000.0
438,920000.0
439,3320000.0
440,820000.0
441,980000.0
442,2320000.0
443,630000.0
444,740000.0
445,880000.0
446,1930000.0
447,2010000.0
448,910000.0
449,6890000.0
450,900000.0
451,1230000.0
452,1130000.0
453,2300000.0
454,1110000.0
455,520000.0
456,7900000.0
457,1340000.0
458,1200000.0
459,360000.0
460,870000.0
461,950000.0
462,1070000.0
463,1310000.0
464,1630000.0
465,1170000.0
466,1210000.0
467,780000.0
468,640000.0
469,360000.0
470,410000.0
471,1070000.0
472,870000.0
473,880000.0
474,2230000.0
475,2360000.0
476,480000.0
477,1460000.0
478,1840000.0
479,870000.0
480,1550000.0
481,1200000.0
482,920000.0
483,2360000.0
484,1040000.0
485,500000.0
486,990000.0
487,840000.0
488,2340000.0
489,1580000.0
490,3130000.0
491,620000.0
492,680000.0
493,1080000.0
494,650000.0
495,600000.0
496,2520000.0
497,5120000.0
498,780000.0
499,970000.0
500,2050000.0
501,220000.0
502,6600000.0
503,4170000.0
504,700000.0
505,1070000.0
506,1490000.0
507,1200000.0
508,440000.0
509,630000.0
510,950000.0
511,840000.0
512,1220000.0
513,1840000.0
514,2220000.0
515,1250000.0
516,2920000.0
517,1150000.0
518,3100000.0
519,520000.0
520,560000.0
521,1460000.0
522,270000.0
523,350000.0
524,880000.0
525,3000000.0
526,430000.0
527,1370000.0
528,1510000.0
529,800000.0
530,470000.0
531,1120000.0
532,890000.0
533,1530000.0
534,1700000.0
535,1590000.0
536,520000.0
537,1090000.0
538,890000.0
539,820000.0
540,1600000.0
541,1170000.0
542,5440000.0
543,980000.0
544,1210000.0
545,380000.0
546,670000.0
547,5080000.0
548,700000.0
549,480000.0
550,560000.0
551,1470000.0
552,1220000.0
553,570000.0
554,900000.0
555,1780000.0
556,7590000.0
557,1400000.0
558,1840000.0
559,690000.0
560,600000.0
561,2170000.0
562,6110000.0
563,470000.0
564,750000.0
565,960000.0
566,1650000.0
567,3850000.0
568,1180000.0
569,1770000.0
570,970000.0
571,1230000.0
572,1070000.0
573,1640000.0
574,750000.0
575,650000.0
576,2040000.0
577,580000.0
578,2110000.0
579,1860000.0
580,2310000.0
581,1890000.0
582,3120000.0
583,390000.0
584,2070000.0
585,580000.0
586,750000.0
587,580000.0
588,930000.0
589,1060000.0
590,870000.0
591,4180000.0
592,980000.0
593,1320000.0
594,400000.0
595,940000.0
596,1200000.0
597,480000.0
598,720000.0
599,1880000.0
600,640000.0
601,3130000.0
602,690000.0
603,8560000.0
604,260000.0
605,700000.0
606,1240000.0
607,1430000.0
608,510000.0
609,960000.0
610,760000.0
611,1540000.0
612,1090000.0
613,700000.0
614,3460000.0
615,730000.0
616,1270000.0
617,2480000.0
618,880000.0
619,640000.0
620,1730000.0
621,1620000.0
622,830000.0
623,370000.0
624,1600000.0
625,2850000.0
626,2120000.0
627,3680000.0
628,5290000.0
629,1970000.0
630,1600000.0
631,2000000.0
632,730000.0
633,1550000.0
634,3050000.0
635,2270000.0
636,640000.0
637,560000.0
638,3610000.0
639,970000.0
640,1890000.0
641,1390000.0
642,650000.0
643,2870000.0
644,1270000.0
645,560000.0
646,2070000.0
647,590000.0
648,920000.0
649,950000.0
650,3040000.0
651,1380000.0
652,380000.0
653,1620000.0
654,500000.0
655,4190000.0
656,1650000.0
657,840000.0
658,1350000.0
659,530000.0
660,770000.0
661,510000.0
662,1250000.0
663,1420000.0
664,3460000.0
665,1240000.0
666,1540000.0
667,2080000.0
668,3730000.0
669,460000.0
670,870000.0
671,3320000.0
672,1280000.0
673,1740000.0
674,2220000.0
675,2920000.0
676,1660000.0
677,980000.0
678,2220000.0
679,5790000.0
680,5400000.0
681,2650000.0
682,1100000.0
683,930000.0
684,1010000.0
685,530000.0
686,1600000.0
687,990000.0
688,3690000.0
689,1200000.0
690,550000.0
691,1360000.0
692,2510000.0
693,520000.0
694,920000.0
695,5360000.0
696,3020000.0
697,780000.0
698,1130000.0
699,4520000.0
700,960000.0
701,770000.0
702,220000.0
703,670000.0
704,2000000.0
705,1080000.0
706,820000.0
707,1010000.0
708,1030000.0
709,2880000.0
710,950000.0
711,1280000.0
712,1330000.0
713,540000.0
714,480000.0
715,310000.0
716,950000.0
717,1070000.0
718,2500000.0
719,1550000.0
720,1470000.0
721,920000.0
722,1400000.0
723,2850000.0
724,300000.0
725,2080000.0
726,1160000.0
727,940000.0
728,1160000.0
729,880000.0
730,570000.0
731,1150000.0
732,1880000.0
733,530000.0
734,830000.0
735,2700000.0
736,1590000.0
737,1170000.0
738,1330000.0
739,1090000.0
740,2080000.0
741,3450000.0
742,690000.0
743,1510000.0
744,510000.0
745,1800000.0
746,900000.0
747,2370000.0
748,1160000.0
749,550000.0
750,1400000.0
751,140000.0
752,500000.0
753,3750000.0
754,2340000.0
755,1690000.0
756,960000.0
757,890000.0
758,1790000.0
759,1710000.0
760,1910000.0
761,800000.0
762,550000.0
763,520000.0
764,520000.0
765,1960000.0
766,3170000.0
767,1200000.0
768,890000.0
769,890000.0
770,160000.0
771,540000.0
772,490000.0
773,900000.0
774,980000.0
775,1520000.0
776,3680000.0
777,2340000.0
778,3880000.0
779,2380000.0
780,1400000.0
781,650000.0
782,3280000.0
783,3270000.0
784,1790000.0
785,5950000.0
786,990000.0
787,870000.0
788,590000.0
789,2810000.0
790,1810000.0
791,1050000.0
792,1930000.0
793,1480000.0
794,1550000.0
795,1920000.0
796,1110000.0
797,920000.0
798,2990000.0
799,710000.0
800,2360000.0
801,1180000.0
802,1110000.0
803,400000.0
804,1540000.0
805,1030000.0
806,160000.0
807,1090000.0
808,1070000.0
809,1010000.0
810,960000.0
811,1300000.0
812,1160000.0
813,2180000.0
814,870000.0
815,1450000.0
816,1380000.0
817,6240000.0
818,840000.0
819,1040000.0
820,910000.0
821,1120000.0
822,1090000.0
823,2310000.0
824,1000000.0
825,1730000.0
826,1140000.0
827,3960000.0
828,1220000.0
829,1890000.0
830,2360000.0
831,380000.0
832,550000.0
833,2680000.0
834,1960000.0
835,1190000.0
836,610000.0
837,840000.0
838,310000.0
839,1310000.0
840,210000.0
841,2300000.0
842,1700000.0
843,2740000.0
844,900000.0
845,2190000.0
846,500000.0
847,660000.0
848,970000.0
849,1370000.0
850,3510000.0
851,930000.0
852,1430000.0
853,1520000.0
854,1000000.0
855,330000.0
856,220000.0
857,1230000.0
858,5780000.0
859,1670000.0
860,1450000.0
861,610000.0
862,1130000.0
863,1410000.0
864,1240000.0
865,1070000.0
866,2080000.0
867,800000.0
868,460000.0
869,960000.0
870,250000.0
871,810000.0
872,2570000.0
873,1040000.0
874,1330000.0
875,910000.0
876,3030000.0
877,570000.0
878,530000.0
879,2630000.0
880,1070000.0
881,880000.0
882,280000.0
883,1170000.0
884,1010000.0
885,630000.0
886,470000.0
887,850000.0
888,4060000.0
889,780000.0
890,1620000.0
891,1230000.0
892,990000.0
893,160000.0
894,1000000.0
895,510000.0
896,1380000.0
897,280000.0
898,1020000.0
899,5610000.0
900,940000.0
901,490000.0
902,610000.0
903,2570000.0
904,2260000.0
905,2020000.0
906,850000.0
907,1310000.0
908,4340000.0
909,700000.0
910,3240000.0
911,630000.0
912,1220000.0
913,5830000.0
914,2220000.0
915,690000.0
916,1230000.0
917,1120000.0
918,350000.0
919,1830000.0
920,1220000.0
921,500000.0
922,1110000.0
923,2100000.0
924,3320000.0
925,560000.0
926,2830000.0
927,6410000.0
928,2690000.0
929,910000.0
930,1430000.0
931,2820000.0
932,530000.0
933,1760000.0
934,2450000.0
935,4290000.0
936,2930000.0
937,600000.0
938,660000.0
939,1220000.0
940,2710000.0
941,1280000.0
942,650000.0
943,320000.0
944,1000000.0
945,920000.0
946,2100000.0
947,560000.0
948,2010000.0
949,1290000.0
950,360000.0
951,2110000.0
952,1390000.0
953,1150000.0
954,1070000.0
955,3220000.0
956,590000.0
957,1000000.0
958,1140000.0
959,1940000.0
960,1270000.0
961,760000.0
962,1600000.0
963,840000.0
964,1150000.0
965,1080000.0
966,2850000.0
967,3230000.0
968,1260000.0
969,2190000.0
970,1060000.0
971,1070000.0
972,690000.0
973,1860000.0
974,760000.0
975,330000.0
976,850000.0
977,1690000.0
978,1770000.0
979,790000.0
980,670000.0
981,880000.0
982,2110000.0
983,4090000.0
984,1390000.0
985,1100000.0
986,980000.0
987,2110000.0
988,2160000.0
989,1420000.0
990,920000.0
991,1070000.0
992,1700000.0
993,2390000.0
994,880000.0
995,1040000.0
996,1500000.0
997,420000.0
998,2110000.0
999,1250000.0
1000,670000.0
1001,1180000.0
1002,1360000.0
1003,4570000.0
1004,590000.0
1005,680000.0
1006,4850000.0
1007,1340000.0
1008,810000.0
1009,670000.0
1010,3110000.0
1011,1160000.0
1012,1020000.0
1013,1450000.0
1014,2020000.0
1015,880000.0
1016,2590000.0
1017,1200000.0
1018,720000.0
1019,210000.0
1020,700000.0
1021,1440000.0
1022,1440000.0
1023,900000.0
1024,1360000.0
1025,2200000.0
1026,610000.0
1027,1190000.0
1028,2190000.0
1029,1250000.0
1030,1750000.0
1031,1460000.0
1032,360000.0
1033,1070000.0
1034,450000.0
1035,1390000.0
1036,320000.0
1037,1030000.0
1038,390000.0
1039,900000.0
1040,3540000.0
1041,1440000.0
1042,930000.0
1043,1030000.0
1044,940000.0
1045,720000.0
1046,1450000.0
1047,1690000.0
1048,380000.0
1049,1020000.0
1050,1320000.0
1051,830000.0
1052,1320000.0
1053,910000.0
1054,730000.0
1055,2660000.0
1056,1310000.0
1057,1390000.0
1058,2410000.0
1059,1430000.0
1060,660000.0
1061,1010000.0
1062,1580000.0
1063,900000.0
1064,2050000.0
1065,590000.0
1066,450000.0
1067,1270000.0
1068,4620000.0
1069,1030000.0
1070,2570000.0
1071,1380000.0
1072,3930000.0
1073,1160000.0
1074,1700000.0
1075,3080000.0
1076,960000.0
1077,1060000.0
1078,1010000.0
1079,1870000.0
1080,1160000.0
1081,1870000.0
1082,570000.0
1083,1010000.0
1084,1030000.0
1085,790000.0
1086,880000.0
1087,2980000.0
1088,2360000.0
1089,530000.0
1090,680000.0
1091,3650000.0
1092,1810000.0
1093,880000.0
1094,1020000.0
1095,2970000.0
1096,640000.0
1097,1920000.0
1098,1750000.0
1099,1220000.0
1100,1400000.0
1101,600000.0
1102,1300000.0
1103,840000.0
1104,1230000.0
1105,1230000.0
1106,3150000.0
1107,1170000.0
1108,1010000.0
1109,1500000.0
1110,1240000.0
1111,1670000.0
1112,1050000.0
1113,1540000.0
1114,2300000.0
1115,2930000.0
1116,810000.0
1117,2060000.0
1118,1220000.0
1119,810000.0
1120,480000.0
1121,2050000.0
1122,2260000.0
1123,1220000.0
1124,830000.0
1125,540000.0
1126,520000.0
1127,1280000.0
1128,1570000.0
1129,710000.0
1130,1410000.0
1131,1070000.0
1132,730000.0
1133,1930000.0
1134,1730000.0
1135,1070000.0
1136,1030000.0
1137,560000.0
1138,3890000.0
1139,750000.0
1140,2100000.0
1141,660000.0
1142,5720000.0
1143,650000.0
1144,2200000.0
1145,2200000.0
1146,3170000.0
1147,1280000.0
1148,580000.0
1149,390000.0
1150,1320000.0
1151,1110000.0
1152,1630000.0
1153,560000.0
1154,690000.0
1155,520000.0
1156,650000.0
1157,730000.0
1158,2610000.0
1159,2960000.0
1160,1970000.0
1161,5290000.0
1162,850000.0
1163,140000.0
1164,3860000.0
1165,580000.0
1166,460000.0
1167,2170000.0
1168,1570000.0
1169,1560000.0
1170,910000.0
1171,1340000.0
1172,1520000.0
1173,970000.0
1174,1030000.0
1175,650000.0
1176,870000.0
1177,1800000.0
1178,970000.0
1179,1570000.0
1180,2260000.0
1181,1150000.0
1182,5770000.0
1183,5080000.0
1184,1550000.0
1185,1920000.0
1186,990000.0
1187,1980000.0
1188,630000.0
1189,770000.0
1190,830000.0
1191,560000.0
1192,5710000.0
1193,2120000.0
1194,520000.0
1195,960000.0
1196,470000.0
1197,2790000.0
1198,530000.0
1199,1170000.0
1200,1500000.0
1201,950000.0
1202,9250000.0
1203,910000.0
1204,350000.0
1205,2740000.0
1206,2990000.0
1207,3750000.0
1208,2620000.0
1209,1160000.0
1210,6570000.0
1211,790000.0
1212,920000.0
1213,2000000.0
1214,410000.0
1215,590000.0
1216,1710000.0
1217,1780000.0
1218,1060000.0
1219,940000.0
1220,1890000.0
1221,1460000.0
1222,1190000.0
1223,1200000.0
1224,670000.0
1225,2560000.0
1226,1030000.0
1227,330000.0
1228,380000.0
1229,730000.0
1230,7990000.0
1231,1590000.0
1232,720000.0
1233,1490000.0
1234,1900000.0
1235,970000.0
1236,2360000.0
1237,1280000.0
1238,220000.0
1239,930000.0
1240,1180000.0
1241,3010000.0
1242,740000.0
1243,1660000.0
1244,400000.0
1245,500000.0
1246,2360000.0
1247,1150000.0
1248,1400000.0
1249,2650000.0
1250,1060000.0
1251,890000.0
1252,1240000.0
1253,680000.0
1254,1170000.0
1255,1660000.0
1256,940000.0
1257,1930000.0
1258,1190000.0
1259,1260000.0
1260,830000.0
1261,680000.0
1262,1900000.0
1263,1210000.0
1264,680000.0
1265,1460000.0
1266,1020000.0
1267,1420000.0
1268,460000.0
1269,2510000.0
1270,2430000.0
1271,1180000.0
1272,910000.0
1273,1800000.0
1274,3280000.0
1275,1550000.0
1276,700000.0
1277,510000.0
1278,8550000.0
1279,2500000.0
1280,1090000.0
1281,1210000.0
1282,520000.0
1283,1120000.0
1284,2840000.0
1285,3420000.0
1286,450000.0
1287,2240000.0
1288,1010000.0
1289,620000.0
1290,1110000.0
1291,1630000.0
1292,320000.0
1293,390000.0
1294,190000.0
1295,1700000.0
1296,1950000.0
1297,6660000.0
1298,1220000.0
1299,920000.0
1300,3230000.0
1301,1290000.0
1302,1000000.0
1303,7160000.0
1304,1260000.0
1305,1660000.0
1306,420000.0
1307,680000.0
1308,4120000.0
1309,650000.0
1310,370000.0
1311,2030000.0
1312,1800000.0
1313,580000.0
1314,590000.0
1315,590000.0
1316,680000.0
1317,570000.0
1318,3130000.0
1319,800000.0
1320,1690000.0
1321,1420000.0
1322,510000.0
1323,1720000.0
1324,1820000.0
1325,1190000.0
1326,980000.0
1327,1530000.0
1328,1780000.0
1329,1030000.0
1330,660000.0
1331,920000.0
1332,2440000.0
1333,810000.0
1334,940000.0
1335,1130000.0
1336,840000.0
1337,1460000.0
1338,170000.0
1339,6200000.0
1340,5780000.0
1341,1740000.0
1342,1610000.0
1343,640000.0
1344,430000.0
1345,2580000.0
1346,830000.0
1347,970000.0
1348,4850000.0
1349,850000.0
1350,940000.0
1351,580000.0
1352,1760000.0
1353,2240000.0
1354,590000.0
1355,7430000.0
1356,1150000.0
1357,6180000.0
1358,1960000.0
1359,650000.0
1360,260000.0
1361,440000.0
1362,1640000.0
1363,1290000.0
1364,510000.0
1365,420000.0
1366,6010000.0
1367,610000.0
1368,1600000.0
1369,640000.0
1370,970000.0
1371,610000.0
1372,1290000.0
1373,680000.0
1374,960000.0
1375,1980000.0
1376,1230000.0
1377,1200000.0
1378,1990000.0
1379,1020000.0
1380,710000.0
1381,250000.0
1382,840000.0
1383,950000.0
1384,1630000.0
1385,1540000.0
1386,4950000.0
1387,2140000.0
1388,710000.0
1389,680000.0
1390,1200000.0
1391,940000.0
1392,940000.0
1393,1810000.0
1394,2920000.0
1395,880000.0
1396,1620000.0
1397,560000.0
1398,1040000.0
1399,1000000.0
1400,2810000.0
1401,2720000.0
1402,270000.0
1403,950000.0
1404,640000.0
1405,1860000.0
1406,1910000.0
1407,1170000.0
1408,2910000.0
1409,1510000.0
1410,3730000.0
1411,1420000.0
1412,770000.0
1413,7030000.0
1414,2050000.0
1415,1370000.0
1416,1210000.0
1417,2840000.0
1418,680000.0
1419,800000.0
1420,1240000.0
1421,1780000.0
1422,780000.0
1423,3050000.0
1424,660000.0
1425,2290000.0
1426,1830000.0
1427,3360000.0
1428,940000.0
1429,1080000.0
1430,970000.0
1431,1550000.0
1432,840000.0
1433,490000.0
1434,710000.0
1435,1190000.0
1436,1210000.0
1437,1080000.0
1438,950000.0
1439,1330000.0
1440,330000.0
1441,1260000.0
1442,740000.0
1443,4330000.0
1444,1110000.0
1445,1280000.0
1446,1150000.0
1447,1170000.0
1448,6210000.0
1449,450000.0
1450,150000.0
1451,250000.0
1452,1120000.0
1453,860000.0
1454,760000.0
1455,830000.0
1456,3560000.0
1457,670000.0
1458,740000.0
1459,610000.0
1460,840000.0
1461,2040000.0
1462,1500000.0
1463,880000.0
1464,360000.0
1465,390000.0
1466,1060000.0
1467,1330000.0
1468,1600000.0
1469,1670000.0
1470,870000.0
1471,1790000.0
1472,1350000.0
1473,1180000.0
1474,2460000.0
1475,1050000.0
1476,6630000.0
1477,330000.0
1478,6330000.0
1479,1580000.0
1480,1020000.0
1481,210000.0
1482,1330000.0
1483,1050000.0
1484,2260000.0
1485,730000.0
1486,920000.0
1487,3560000.0
1488,1080000.0
1489,1750000.0
1490,310000.0
1491,860000.0
1492,1120000.0
1493,2360000.0
1494,720000.0
1495,860000.0
1496,1300000.0
1497,2510000.0
1498,870000.0
1499,1720000.0
1500,1150000.0
1501,610000.0
1502,2460000.0
1503,600000.0
1504,590000.0
1505,530000.0
1506,1210000.0
1507,2640000.0
1508,760000.0
1509,1180000.0
1510,850000.0
1511,1050000.0
1512,1060000.0
1513,1960000.0
1514,630000.0
1515,730000.0
1516,1110000.0
1517,1130000.0
1518,580000.0
1519,1260000.0
1520,910000.0
1521,1410000.0
1522,1480000.0
1523,670000.0
1524,4090000.0
1525,250000.0
1526,4630000.0
1527,670000.0
1528,3190000.0
1529,1340000.0
1530,1140000.0
1531,1290000.0
1532,210000.0
1533,380000.0
1534,1250000.0
1535,1150000.0
1536,1540000.0
1537,1920000.0
1538,1320000.0
1539,1510000.0
1540,2550000.0
1541,780000.0
1542,1000000.0
1543,720000.0
1544,1220000.0
1545,2790000.0
1546,3290000.0
1547,1250000.0
1548,1740000.0
1549,1240000.0
1550,1830000.0
1551,1190000.0
1552,410000.0
1553,600000.0
1554,1710000.0
1555,790000.0
1556,1100000.0
1557,810000.0
1558,1020000.0
1559,1340000.0
1560,1480000.0
1561,1110000.0
1562,890000.0
1563,1710000.0
1564,650000.0
1565,1050000.0
1566,1900000.0
1567,630000.0
1568,740000.0
1569,1320000.0
1570,860000.0
1571,1320000.0
1572,2660000.0
1573,2420000.0
1574,2370000.0
1575,8130000.0
1576,960000.0
1577,650000.0
1578,1210000.0
1579,650000.0
1580,1770000.0
1581,1500000.0
1582,1200000.0
1583,3530000.0
1584,10740000.0
1585,710000.0
1586,990000.0
1587,3380000.0
1588,1410000.0
1589,5300000.0
1590,670000.0
1591,3100000.0
1592,1470000.0
1593,2390000.0
1594,660000.0
1595,3130000.0
1596,550000.0
1597,1800000.0
1598,710000.0
1599,190000.0
1600,700000.0
1601,1090000.0
1602,730000.0
1603,1080000.0
1604,4200000.0
1605,1850000.0
1606,3290000.0
1607,1670000.0
1608,2110000.0
1609,3560000.0
1610,850000.0
1611,1250000.0
1612,1310000.0
1613,2180000.0
1614,1320000.0
1615,1760000.0
1616,8050000.0
1617,900000.0
1618,2800000.0
1619,640000.0
1620,1630000.0
1621,1260000.0
1622,2100000.0
1623,1550000.0
1624,1910000.0
1625,2600000.0
1626,1020000.0
1627,530000.0
1628,1820000.0
1629,1290000.0
1630,1240000.0
1631,880000.0
1632,660000.0
1633,450000.0
1634,1540000.0
1635,1860000.0
1636,1790000.0
1637,1000000.0
1638,550000.0
1639,1690000.0
1640,290000.0
1641,640000.0
1642,1180000.0
1643,3400000.0
1644,1820000.0
1645,2340000.0
1646,2300000.0
1647,2670000.0
1648,1190000.0
1649,930000.0
1650,1320000.0
1651,1410000.0
1652,2180000.0
1653,1290000.0
1654,3750000.0
1655,200000.0
1656,1640000.0
1657,1680000.0
1658,2410000.0
1659,2220000.0
1660,1140000.0
1661,970000.0
1662,770000.0
1663,1190000.0
1664,1310000.0
1665,1230000.0
1666,1810000.0
1667,610000.0
1668,820000.0
1669,1650000.0
1670,1160000.0
1671,3000000.0
1672,2750000.0
1673,1400000.0
1674,2900000.0
1675,1290000.0
1676,3100000.0
1677,1340000.0
1678,6060000.0
1679,220000.0
1680,5670000.0
1681,1740000.0
1682,1920000.0
1683,590000.0
1684,6180000.0
1685,1860000.0
1686,640000.0
1687,600000.0
1688,1310000.0
1689,530000.0
1690,430000.0
1691,1160000.0
1692,1380000.0
1693,990000.0
1694,270000.0
1695,840000.0
1696,6080000.0
1697,2810000.0
1698,490000.0
1699,680000.0
1700,1090000.0
1701,890000.0
1702,3310000.0
1703,1680000.0
1704,710000.0
1705,2290000.0
1706,2250000.0
1707,1540000.0
1708,2630000.0
1709,2160000.0
1710,920000.0
1711,1230000.0
1712,1410000.0
1713,1510000.0
1714,1100000.0
1715,2890000.0
1716,850000.0
1717,970000.0
1718,550000.0
1719,1780000.0
1720,1000000.0
1721,1040000.0
1722,2550000.0
1723,1240000.0
1724,560000.0
1725,540000.0
1726,2110000.0
1727,2900000.0
1728,1720000.0
1729,640000.0
1730,980000.0
1731,1430000.0
1732,930000.0
1733,1710000.0
1734,1580000.0
1735,2670000.0
1736,6140000.0
1737,810000.0
1738,1620000.0
1739,460000.0
1740,630000.0
1741,9670000.0
1742,620000.0
1743,2700000.0
1744,540000.0
1745,2280000.0
1746,1320000.0
1747,670000.0
1748,470000.0
1749,680000.0
1750,1320000.0
1751,1340000.0
1752,920000.0
1753,3180000.0
1754,560000.0
1755,4380000.0
1756,1280000.0
1757,1020000.0
1758,2140000.0
1759,1020000.0
1760,4880000.0
1761,1370000.0
1762,2990000.0
1763,1480000.0
1764,3830000.0
1765,850000.0
1766,1010000.0
1767,1520000.0
1768,1440000.0
1769,1660000.0
1770,800000.0
1771,870000.0
1772,1590000.0
1773,1450000.0
1774,1590000.0
1775,1200000.0
1776,1190000.0
1777,690000.0
1778,290000.0
1779,730000.0
1780,1550000.0
1781,1250000.0
1782,790000.0
1783,810000.0
1784,1070000.0
1785,680000.0
1786,2050000.0
1787,850000.0
1788,1660000.0
1789,1780000.0
1790,2830000.0
1791,2830000.0
1792,1130000.0
1793,2750000.0
1794,1680000.0
1795,1070000.0
1796,480000.0
1797,6970000.0
1798,640000.0
1799,3760000.0
1800,650000.0
1801,1820000.0
1802,680000.0
1803,570000.0
1804,1170000.0
1805,7470000.0
1806,630000.0
1807,820000.0
1808,1730000.0
1809,1920000.0
1810,2180000.0
1811,2910000.0
1812,670000.0
1813,740000.0
1814,900000.0
1815,1750000.0
1816,3040000.0
1817,5290000.0
1818,1460000.0
1819,1170000.0
1820,1790000.0
1821,850000.0
1822,2040000.0
1823,1090000.0
1824,950000.0
1825,4290000.0
1826,1180000.0
1827,5310000.0
1828,1830000.0
1829,890000.0
1830,640000.0
1831,6330000.0
1832,1810000.0
1833,7310000.0
1834,2630000.0
1835,3010000.0
1836,490000.0
1837,1950000.0
1838,1610000.0
1839,700000.0
1840,270000.0
1841,1170000.0
1842,3050000.0
1843,1250000.0
1844,1710000.0
1845,980000.0
1846,1100000.0
1847,960000.0
1848,640000.0
1849,1150000.0
1850,2400000.0
1851,3260000.0
1852,800000.0
1853,2070000.0
1854,3150000.0
1855,1920000.0
1856,290000.0
1857,5060000.0
1858,740000.0
1859,1730000.0
1860,4960000.0
1861,200000.0
1862,1060000.0
1863,1390000.0
1864,510000.0
1865,600000.0
1866,1280000.0
1867,2170000.0
1868,1270000.0
1869,700000.0
1870,920000.0
1871,1540000.0
1872,590000.0
1873,580000.0
1874,5550000.0
1875,1940000.0
1876,6570000.0
1877,1040000.0
1878,690000.0
1879,1370000.0
1880,610000.0
1881,690000.0
1882,890000.0
1883,490000.0
1884,840000.0
1885,2970000.0
1886,670000.0
1887,1190000.0
1888,2520000.0
1889,630000.0
1890,2260000.0
1891,3720000.0
1892,650000.0
1893,310000.0
1894,540000.0
1895,1370000.0
1896,3910000.0
1897,440000.0
1898,500000.0
1899,750000.0
1900,190000.0
1901,1070000.0
1902,2680000.0
1903,410000.0
1904,690000.0
1905,1970000.0
1906,460000.0
1907,650000.0
1908,1280000.0
1909,1050000.0
1910,1040000.0
1911,1860000.0
1912,430000.0
1913,1020000.0
1914,1990000.0
1915,5290000.0
1916,1630000.0
1917,280000.0
1918,2120000.0
1919,6700000.0
1920,900000.0
1921,6660000.0
1922,520000.0
1923,1320000.0
1924,1910000.0
1925,1400000.0
1926,1080000.0
1927,3860000.0
1928,1900000.0
1929,6520000.0
1930,1020000.0
1931,710000.0
1932,860000.0
1933,1590000.0
1934,550000.0
1935,740000.0
1936,2200000.0
1937,3760000.0
1938,260000.0
1939,1130000.0
1940,2430000.0
1941,1200000.0
1942,5210000.0
1943,1330000.0
1944,1800000.0
1945,2880000.0
1946,960000.0
1947,1020000.0
1948,690000.0
1949,980000.0
1950,980000.0
1951,1580000.0
1952,1080000.0
1953,740000.0
1954,1480000.0
1955,580000.0
1956,1870000.0
1957,590000.0
1958,1070000.0
1959,1780000.0
1960,1310000.0
1961,270000.0
1962,260000.0
1963,2410000.0
1964,460000.0
1965,3170000.0
1966,920000.0
1967,3010000.0
1968,1620000.0
1969,2290000.0
1970,510000.0
1971,660000.0
1972,1520000.0
1973,5600000.0
1974,1110000.0
1975,3750000.0
1976,1100000.0
1977,2720000.0
1978,2680000.0
1979,640000.0
1980,880000.0
1981,980000.0
1982,1010000.0
1983,6680000.0
1984,200000.0
1985,390000.0
1986,1170000.0
1987,1030000.0
1988,1790000.0
1989,470000.0
1990,5290000.0
1991,2340000.0
1992,270000.0
1993,1470000.0
1994,670000.0
1995,3420000.0
1996,1080000.0
1997,1000000.0
1998,340000.0
1999,910000.0
2000,610000.0
2001,660000.0
2002,2150000.0
2003,2460000.0
2004,620000.0
2005,2690000.0
2006,2380000.0
2007,500000.0
2008,980000.0
2009,3720000.0
2010,1050000.0
2011,1870000.0
2012,2580000.0
2013,160000.0
2014,1220000.0
2015,1330000.0
2016,5720000.0
2017,670000.0
2018,1290000.0
2019,1980000.0
2020,1010000.0
2021,2490000.0
2022,850000.0
2023,1080000.0
2024,1130000.0
2025,1710000.0
2026,1060000.0
2027,640000.0
2028,690000.0
2029,990000.0
2030,640000.0
2031,970000.0
2032,2180000.0
2033,1070000.0
2034,3060000.0
2035,5270000.0
2036,430000.0
2037,1030000.0
2038,410000.0
2039,2440000.0
2040,520000.0
2041,1170000.0
2042,2130000.0
2043,3730000.0
2044,1840000.0
2045,710000.0
2046,680000.0
2047,650000.0
2048,1050000.0
2049,1010000.0
2050,1070000.0
2051,910000.0
2052,1500000.0
2053,2330000.0
2054,1820000.0
2055,510000.0
2056,1440000.0
2057,730000.0
2058,1380000.0
2059,530000.0
2060,5290000.0
2061,880000.0
2062,3320000.0
2063,450000.0
2064,2200000.0
2065,990000.0
2066,1130000.0
2067,2160000.0
2068,850000.0
2069,860000.0
2070,2530000.0
2071,2810000.0
2072,880000.0
2073,1130000.0
2074,4140000.0
2075,5830000.0
2076,1730000.0
2077,630000.0
2078,210000.0
2079,910000.0
2080,1230000.0
2081,970000.0
2082,1120000.0
2083,4580000.0
2084,910000.0
2085,7530000.0
2086,2830000.0
2087,3260000.0
2088,1550000.0
2089,2240000.0
2090,420000.0
2091,1060000.0
2092,2800000.0
2093,2070000.0
2094,620000.0
2095,3160000.0
2096,880000.0
2097,610000.0
2098,1120000.0
2099,5770000.0
2100,1580000.0
2101,620000.0
2102,1150000.0
2103,2160000.0
2104,1970000.0
2105,2620000.0
2106,670000.0
2107,1190000.0
2108,3050000.0
2109,690000.0
2110,1260000.0
2111,1640000.0
2112,910000.0
2113,1140000.0
2114,680000.0
2115,540000.0
2116,470000.0
2117,780000.0
2118,460000.0
2119,1630000.0
2120,1090000.0
2121,1640000.0
2122,1150000.0
2123,1200000.0
2124,2490000.0
2125,2220000.0
2126,2180000.0
2127,1140000.0
2128,2450000.0
2129,800000.0
2130,430000.0
2131,970000.0
2132,940000.0
2133,2250000.0
2134,1480000.0
2135,500000.0
2136,5460000.0
2137,1050000.0
2138,1740000.0
2139,970000.0
2140,1250000.0
2141,540000.0
2142,990000.0
2143,1580000.0
2144,640000.0
2145,1410000.0
2146,1190000.0
2147,4390000.0
2148,900000.0
2149,3100000.0
2150,1200000.0
2151,2270000.0
2152,660000.0
2153,2180000.0
2154,660000.0
2155,2880000.0
2156,1630000.0
2157,1520000.0
2158,1090000.0
2159,2750000.0
2160,2600000.0
2161,2620000.0
2162,1190000.0
2163,3390000.0
2164,1630000.0
2165,2920000.0
2166,560000.0
2167,2530000.0
2168,1530000.0
2169,670000.0
2170,740000.0
2171,430000.0
2172,870000.0
2173,3180000.0
2174,590000.0
2175,1480000.0
2176,670000.0
2177,850000.0
2178,2270000.0
2179,1800000.0
2180,550000.0
2181,930000.0
2182,3480000.0
2183,1480000.0
2184,3200000.0
2185,900000.0
2186,1630000.0
2187,1470000.0
2188,1330000.0
2189,4000000.0
2190,2960000.0
2191,670000.0
2192,2050000.0
2193,2150000.0
2194,1060000.0
2195,1590000.0
2196,1750000.0
2197,2010000.0
2198,940000.0
2199,410000.0
2200,1910000.0
2201,2790000.0
2202,880000.0
2203,560000.0
2204,3170000.0
2205,840000.0
2206,3360000.0
2207,1570000.0
2208,2150000.0
2209,2600000.0
2210,670000.0
2211,2190000.0
2212,670000.0
2213,870000.0
2214,1120000.0
2215,630000.0
2216,1330000.0
2217,390000.0
2218,2770000.0
2219,2460000.0
2220,800000.0
2221,3390000.0
2222,2040000.0
2223,1050000.0
2224,760000.0
2225,1270000.0
2226,670000.0
2227,1050000.0
2228,1280000.0
2229,860000.0
2230,2150000.0
2231,770000.0
2232,370000.0
2233,1180000.0
2234,690000.0
2235,610000.0
2236,980000.0
2237,790000.0
2238,2510000.0
2239,630000.0
2240,1740000.0
2241,1720000.0
2242,1360000.0
2243,1450000.0
2244,670000.0
2245,1290000.0
2246,2380000.0
2247,2670000.0
2248,610000.0
2249,470000.0
2250,1320000.0
2251,8840000.0
2252,440000.0
2253,820000.0
2254,900000.0
2255,450000.0
2256,1760000.0
2257,1290000.0
2258,2410000.0
2259,3710000.0
2260,2010000.0
2261,1180000.0
2262,730000.0
2263,1490000.0
2264,1120000.0
2265,480000.0
2266,570000.0
2267,2160000.0
2268,2080000.0
2269,1970000.0
2270,2030000.0
2271,760000.0
2272,840000.0
2273,1050000.0
2274,5040000.0
2275,2090000.0
2276,3550000.0
2277,1760000.0
2278,3670000.0
2279,550000.0
2280,840000.0
2281,1640000.0
2282,1010000.0
2283,1030000.0
2284,2420000.0
2285,770000.0
2286,950000.0
2287,300000.0
2288,1490000.0
2289,2800000.0
2290,1550000.0
2291,3140000.0
2292,1680000.0
2293,850000.0
2294,550000.0
2295,530000.0
2296,2600000.0
2297,1040000.0
2298,1190000.0
2299,240000.0
2300,720000.0
2301,620000.0
2302,2770000.0
2303,1200000.0
2304,8450000.0
2305,1650000.0
2306,560000.0
2307,1020000.0
2308,3170000.0
2309,1410000.0
2310,780000.0
2311,950000.0
2312,880000.0
2313,970000.0
2314,6200000.0
2315,920000.0
2316,540000.0
2317,860000.0
2318,700000.0
2319,1860000.0
2320,8790000.0
2321,250000.0
2322,1310000.0
2323,1100000.0
2324,1980000.0
2325,1820000.0
2326,5680000.0
2327,2050000.0
2328,870000.0
2329,620000.0
2330,610000.0
2331,930000.0
2332,2050000.0
2333,1000000.0
2334,3920000.0
2335,1370000.0
2336,810000.0
2337,1840000.0
2338,850000.0
2339,1700000.0
2340,1560000.0
2341,1730000.0
2342,1060000.0
2343,3380000.0
2344,1880000.0
2345,720000.0
2346,520000.0
2347,930000.0
2348,430000.0
2349,1250000.0
2350,630000.0
2351,890000.0
2352,1940000.0
2353,2520000.0
2354,470000.0
2355,1440000.0
2356,1320000.0
2357,1800000.0
2358,1410000.0
2359,1060000.0
2360,1490000.0
2361,1240000.0
2362,1330000.0
2363,1150000.0
2364,1190000.0
2365,1030000.0
2366,1730000.0
2367,610000.0
2368,2820000.0
2369,5630000.0
2370,170000.0
2371,1830000.0
2372,1050000.0
2373,1730000.0
2374,1800000.0
2375,900000.0
2376,3750000.0
2377,620000.0
2378,1970000.0
2379,3810000.0
2380,1210000.0
2381,2040000.0
2382,670000.0
2383,970000.0
2384,450000.0
2385,380000.0
2386,910000.0
2387,3150000.0
2388,670000.0
2389,2230000.0
2390,2750000.0
2391,660000.0
2392,910000.0
2393,700000.0
2394,930000.0
2395,730000.0
2396,2460000.0
2397,890000.0
2398,1170000.0
2399,3050000.0
2400,510000.0
2401,430000.0
2402,1270000.0
2403,910000.0
2404,1050000.0
2405,1600000.0
2406,1180000.0
2407,2120000.0
2408,870000.0
2409,460000.0
2410,1150000.0
2411,1200000.0
2412,920000.0
2413,2500000.0
2414,860000.0
2415,3550000.0
2416,740000.0
2417,6230000.0
2418,4060000.0
2419,670000.0
2420,520000.0
2421,1110000.0
2422,3130000.0
2423,520000.0
2424,1010000.0
2425,1190000.0
2426,880000.0
2427,800000.0
2428,730000.0
2429,480000.0
2430,710000.0
2431,940000.0
2432,1190000.0
2433,530000.0
2434,2680000.0
2435,540000.0
2436,2140000.0
2437,1260000.0
2438,1380000.0
2439,770000.0
2440,1430000.0
2441,990000.0
2442,340000.0
2443,1220000.0
2444,490000.0
2445,910000.0
2446,3150000.0
2447,3050000.0
2448,690000.0
2449,1270000.0
2450,990000.0
2451,520000.0
2452,1930000.0
2453,670000.0
2454,1160000.0
2455,900000.0
2456,1390000.0
2457,840000.0
2458,1700000.0
2459,680000.0
2460,870000.0
2461,4300000.0
2462,1300000.0
2463,810000.0
2464,1010000.0
2465,7600000.0
2466,920000.0
2467,1970000.0
2468,1750000.0
2469,2340000.0
2470,2580000.0
2471,910000.0
2472,1540000.0
2473,1360000.0
2474,1330000.0
2475,1000000.0
2476,670000.0
2477,550000.0
2478,480000.0
2479,5920000.0
2480,910000.0
2481,1790000.0
2482,2670000.0
2483,980000.0
2484,620000.0
2485,670000.0
2486,2220000.0
2487,960000.0
2488,2430000.0
2489,870000.0
2490,1990000.0
2491,1460000.0
2492,950000.0
2493,2870000.0
2494,860000.0
2495,1020000.0
2496,1150000.0
2497,2430000.0
2498,1890000.0
2499,2670000.0
2500,1020000.0
2501,1180000.0
2502,1040000.0
2503,2540000.0
2504,950000.0
2505,1220000.0
2506,1570000.0
2507,480000.0
2508,690000.0
2509,1330000.0
2510,6740000.0
2511,1700000.0
2512,1750000.0
2513,4280000.0
2514,860000.0
2515,1800000.0
2516,520000.0
2517,510000.0
2518,1030000.0
2519,1520000.0
2520,6100000.0
2521,470000.0
2522,840000.0
2523,1100000.0
2524,620000.0
2525,2010000.0
2526,370000.0
2527,1630000.0
2528,700000.0
2529,590000.0
2530,1150000.0
2531,810000.0
2532,970000.0
2533,520000.0
2534,1200000.0
2535,620000.0
2536,1510000.0
2537,1680000.0
2538,550000.0
2539,1220000.0
2540,3260000.0
2541,480000.0
2542,4330000.0
2543,1170000.0
2544,3080000.0
2545,3760000.0
2546,1360000.0
2547,820000.0
2548,3940000.0
2549,1190000.0
2550,530000.0
2551,970000.0
2552,500000.0
2553,930000.0
2554,880000.0
2555,1360000.0
2556,1210000.0
2557,820000.0
2558,1310000.0
2559,540000.0
2560,430000.0
2561,4050000.0
2562,3390000.0
2563,3420000.0
2564,8370000.0
2565,920000.0
2566,2010000.0
2567,980000.0
2568,350000.0
2569,670000.0
2570,2210000.0
2571,930000.0
2572,1120000.0
2573,890000.0
2574,1250000.0
2575,2800000.0
2576,410000.0
2577,1730000.0
2578,660000.0
2579,1200000.0
2580,650000.0
2581,1650000.0
2582,1230000.0
2583,1040000.0
2584,2090000.0
2585,470000.0
2586,1360000.0
2587,1030000.0
2588,1450000.0
2589,3680000.0
2590,1230000.0
2591,2780000.0
2592,1150000.0
2593,970000.0
2594,640000.0
2595,1010000.0
2596,1090000.0
2597,790000.0
2598,680000.0
2599,890000.0
2600,1240000.0
2601,230000.0
2602,750000.0
2603,2050000.0
2604,2900000.0
2605,1410000.0
2606,1080000.0
2607,790000.0
2608,3600000.0
2609,1150000.0
2610,3520000.0
2611,1010000.0
2612,1670000.0
2613,2620000.0
2614,2850000.0
2615,720000.0
2616,2650000.0
2617,1640000.0
2618,2040000.0
2619,1460000.0
2620,460000.0
2621,1550000.0
2622,3690000.0
2623,580000.0
2624,5500000.0
2625,1900000.0
2626,3860000.0
2627,870000.0
2628,3720000.0
2629,1370000.0
2630,2670000.0
2631,870000.0
2632,1600000.0
2633,430000.0
2634,3190000.0
2635,930000.0
2636,470000.0
2637,980000.0
2638,1000000.0
2639,1840000.0
2640,1280000.0
2641,920000.0
2642,840000.0
2643,2320000.0
2644,670000.0
2645,780000.0
2646,2660000.0
2647,1430000.0
2648,3080000.0
2649,910000.0
2650,2280000.0
2651,6260000.0
2652,2320000.0
2653,480000.0
2654,920000.0
2655,990000.0
2656,2270000.0
2657,3730000.0
2658,850000.0
2659,1490000.0
2660,250000.0
2661,600000.0
2662,1240000.0
2663,610000.0
2664,1560000.0
2665,2440000.0
2666,1570000.0
2667,1450000.0
2668,3550000.0
2669,2060000.0
2670,820000.0
2671,280000.0
2672,450000.0
2673,1110000.0
2674,1070000.0
2675,570000.0
2676,700000.0
2677,3430000.0
2678,680000.0
2679,660000.0
2680,1110000.0
2681,2680000.0
2682,890000.0
2683,1330000.0
2684,1310000.0
2685,210000.0
2686,2630000.0
2687,2060000.0
2688,560000.0
2689,530000.0
2690,1260000.0
2691,670000.0
2692,380000.0
2693,1280000.0
2694,1150000.0
2695,1030000.0
2696,710000.0
2697,3770000.0
2698,3120000.0
2699,3230000.0
2700,3700000.0
2701,3390000.0
2702,5570000.0
2703,2440000.0
2704,1000000.0
2705,1220000.0
2706,830000.0
2707,1530000.0
2708,1510000.0
2709,420000.0
2710,640000.0
2711,860000.0
2712,5120000.0
2713,5890000.0
2714,450000.0
2715,650000.0
2716,860000.0
2717,2480000.0
2718,1190000.0
2719,1080000.0
2720,2120000.0
2721,780000.0
2722,1390000.0
2723,1490000.0
2724,690000.0
2725,1660000.0
2726,7120000.0
2727,2800000.0
2728,1290000.0
2729,930000.0
2730,1550000.0
2731,1310000.0
2732,720000.0
2733,3240000.0
2734,2990000.0
2735,1300000.0
2736,1740000.0
2737,1700000.0
2738,2630000.0
2739,1500000.0
2740,1510000.0
2741,2900000.0
2742,840000.0
2743,1520000.0
2744,1130000.0
2745,1100000.0
2746,1210000.0
2747,1410000.0
2748,470000.0
2749,1050000.0
2750,990000.0
2751,670000.0
2752,2760000.0
2753,1650000.0
2754,5200000.0
2755,1230000.0
2756,2790000.0
2757,1290000.0
2758,410000.0
2759,1030000.0
2760,2940000.0
2761,2770000.0
2762,3520000.0
2763,3010000.0
2764,1100000.0
2765,2930000.0
2766,860000.0
2767,2420000.0
2768,3620000.0
2769,630000.0
2770,1860000.0
2771,410000.0
2772,830000.0
2773,1700000.0
2774,830000.0
2775,1530000.0
2776,1700000.0
2777,930000.0
2778,470000.0
2779,1360000.0
2780,940000.0
2781,7050000.0
2782,6430000.0
2783,6640000.0
2784,2150000.0
2785,1390000.0
2786,2140000.0
2787,390000.0
2788,840000.0
2789,1290000.0
2790,2680000.0
2791,770000.0
2792,610000.0
2793,960000.0
2794,680000.0
2795,2560000.0
2796,1460000.0
2797,910000.0
2798,940000.0
2799,1080000.0
2800,120000.0
2801,2040000.0
2802,510000.0
2803,2860000.0
2804,2550000.0
2805,1710000.0
2806,3690000.0
2807,150000.0
2808,1180000.0
2809,7980000.0
2810,1530000.0
2811,880000.0
2812,3200000.0
2813,710000.0
2814,1020000.0
2815,1170000.0
2816,4470000.0
2817,240000.0
2818,710000.0
2819,2110000.0
2820,380000.0
2821,1190000.0
2822,1210000.0
2823,1140000.0
2824,640000.0
2825,1790000.0
2826,3620000.0
2827,1290000.0
2828,590000.0
2829,1330000.0
2830,1800000.0
2831,780000.0
2832,1460000.0
2833,1350000.0
2834,2860000.0
2835,630000.0
2836,3030000.0
2837,170000.0
2838,2200000.0
2839,1120000.0
2840,370000.0
2841,790000.0
2842,1940000.0
2843,1490000.0
2844,1320000.0
2845,3180000.0
2846,1750000.0
2847,860000.0
2848,1160000.0
2849,1100000.0
2850,5720000.0
2851,1440000.0
2852,2590000.0
2853,710000.0
2854,3400000.0
2855,1700000.0
2856,580000.0
2857,6740000.0
2858,2640000.0
2859,920000.0
2860,930000.0
2861,3520000.0
2862,2730000.0
2863,1900000.0
2864,3120000.0
2865,320000.0
2866,2260000.0
2867,940000.0
2868,2300000.0
2869,1030000.0
2870,1710000.0
2871,970000.0
2872,1420000.0
2873,890000.0
2874,670000.0
2875,3370000.0
2876,1940000.0
2877,980000.0
2878,6140000.0
2879,640000.0
2880,1520000.0
2881,2320000.0
2882,500000.0
2883,1420000.0
2884,1440000.0
2885,820000.0
2886,1680000.0
2887,500000.0
2888,800000.0
2889,530000.0
2890,5330000.0
2891,900000.0
2892,1960000.0
2893,1400000.0
2894,1070000.0
2895,970000.0
2896,1210000.0
2897,1340000.0
2898,1030000.0
2899,5090000.0
2900,810000.0
2901,1780000.0
2902,780000.0
2903,1130000.0
2904,570000.0
2905,2470000.0
2906,880000.0
2907,760000.0
2908,740000.0
2909,2300000.0
2910,2230000.0
2911,660000.0
2912,3390000.0
2913,1660000.0
2914,900000.0
2915,870000.0
2916,670000.0
2917,1230000.0
2918,1640000.0
2919,990000.0
2920,920000.0
2921,1110000.0
2922,1410000.0
2923,990000.0
2924,1070000.0
2925,1680000.0
2926,430000.0
2927,910000.0
2928,1040000.0
2929,1450000.0
2930,2980000.0
2931,2640000.0
2932,1660000.0
2933,1470000.0
2934,1250000.0
2935,1120000.0
2936,900000.0
2937,600000.0
2938,3260000.0
2939,880000.0
2940,1300000.0
2941,2550000.0
2942,1450000.0
2943,1760000.0
2944,740000.0
2945,730000.0
2946,640000.0
2947,3290000.0
2948,570000.0
2949,860000.0
2950,970000.0
2951,940000.0
2952,610000.0
2953,2360000.0
2954,1380000.0
2955,650000.0
2956,1530000.0
2957,350000.0
2958,960000.0
2959,1910000.0
2960,730000.0
2961,5050000.0
2962,910000.0
2963,1450000.0
2964,2790000.0
2965,4600000.0
2966,1140000.0
2967,910000.0
2968,750000.0
2969,1210000.0
2970,210000.0
2971,960000.0
2972,1020000.0
2973,540000.0
2974,980000.0
2975,2210000.0
2976,920000.0
2977,560000.0
2978,1590000.0
2979,1860000.0
2980,6470000.0
2981,2330000.0
2982,750000.0
2983,1140000.0
2984,1730000.0
2985,2920000.0
2986,1210000.0
2987,1150000.0
2988,1880000.0
2989,1830000.0
2990,2560000.0
2991,1880000.0
2992,1100000.0
2993,2150000.0
2994,2570000.0
2995,1060000.0
2996,4170000.0
2997,1930000.0
2998,500000.0
2999,1980000.0
3000,3500000.0
3001,2100000.0
3002,1290000.0
3003,1480000.0
3004,1670000.0
3005,3920000.0
3006,660000.0
3007,580000.0
3008,1060000.0
3009,1010000.0
3010,960000.0
3011,5650000.0
3012,1380000.0
3013,1050000.0
3014,1090000.0
3015,1510000.0
3016,1470000.0
3017,710000.0
3018,1240000.0
3019,500000.0
3020,500000.0
3021,3120000.0
3022,1530000.0
3023,1320000.0
3024,6150000.0
3025,1120000.0
3026,2140000.0
3027,1320000.0
3028,1080000.0
3029,2530000.0
3030,1680000.0
3031,1600000.0
3032,620000.0
3033,2510000.0
3034,120000.0
3035,1500000.0
3036,3080000.0
3037,1890000.0
3038,590000.0
3039,720000.0
3040,660000.0
3041,5680000.0
3042,1390000.0
3043,930000.0
3044,520000.0
3045,960000.0
3046,710000.0
3047,860000.0
3048,620000.0
3049,3410000.0
3050,4780000.0
3051,660000.0
3052,710000.0
3053,1830000.0
3054,850000.0
3055,820000.0
3056,1280000.0
3057,1350000.0
3058,1170000.0
3059,4120000.0
3060,1140000.0
3061,2290000.0
3062,510000.0
3063,980000.0
3064,6570000.0
3065,1030000.0
3066,620000.0
3067,1810000.0
3068,1610000.0
3069,1450000.0
3070,1750000.0
3071,1310000.0
3072,310000.0
3073,890000.0
3074,720000.0
3075,1360000.0
3076,2200000.0
3077,670000.0
3078,2040000.0
3079,970000.0
3080,810000.0
3081,370000.0
3082,750000.0
3083,650000.0
3084,1480000.0
3085,830000.0
3086,1460000.0
3087,1160000.0
3088,1850000.0
3089,1800000.0
3090,520000.0
3091,1120000.0
3092,810000.0
3093,5900000.0
3094,580000.0
3095,3010000.0
3096,2030000.0
3097,520000.0
3098,1070000.0
3099,1710000.0
3100,1530000.0
3101,5430000.0
3102,950000.0
3103,390000.0
3104,1100000.0
3105,2780000.0
3106,690000.0
3107,1490000.0
3108,2550000.0
3109,1230000.0
3110,1700000.0
3111,3400000.0
3112,980000.0
3113,620000.0
3114,750000.0
3115,400000.0
3116,400000.0
3117,640000.0
3118,1350000.0
3119,980000.0
3120,2230000.0
3121,430000.0
3122,1140000.0
3123,6670000.0
3124,550000.0
3125,3640000.0
3126,2020000.0
3127,890000.0
3128,1420000.0
3129,1880000.0
3130,1230000.0
3131,1310000.0
3132,2880000.0
3133,660000.0
3134,2450000.0
3135,1290000.0
3136,1560000.0
3137,710000.0
3138,980000.0
3139,3630000.0
3140,1600000.0
3141,1040000.0
3142,630000.0
3143,790000.0
3144,560000.0
3145,3850000.0
3146,3380000.0
3147,3580000.0
3148,2310000.0
3149,2830000.0
3150,5060000.0
3151,1210000.0
3152,1200000.0
3153,720000.0
3154,940000.0
3155,920000.0
3156,1610000.0
3157,710000.0
3158,6060000.0
3159,850000.0
3160,1160000.0
3161,1210000.0
3162,1630000.0
3163,1340000.0
3164,620000.0
3165,1340000.0
3166,800000.0
3167,300000.0
3168,1630000.0
3169,1050000.0
3170,2300000.0
3171,260000.0
3172,3290000.0
3173,1730000.0
3174,1000000.0
3175,1300000.0
3176,1010000.0
3177,2470000.0
3178,1580000.0
3179,910000.0
3180,660000.0
3181,2660000.0
3182,1310000.0
3183,5300000.0
3184,1740000.0
3185,1130000.0
3186,2010000.0
3187,880000.0
3188,2820000.0
3189,600000.0
3190,540000.0
3191,1960000.0
3192,2420000.0
3193,960000.0
3194,510000.0
3195,3920000.0
3196,490000.0
3197,2950000.0
3198,910000.0
3199,530000.0
3200,1110000.0
3201,1140000.0
3202,550000.0
3203,2710000.0
3204,1420000.0
3205,1310000.0
3206,1040000.0
3207,8580000.0
3208,1240000.0
3209,1320000.0
3210,1300000.0
3211,940000.0
3212,690000.0
3213,4010000.0
3214,4560000.0
3215,1370000.0
3216,4170000.0
3217,680000.0
3218,900000.0
3219,1110000.0
3220,1530000.0
3221,720000.0
3222,1930000.0
3223,480000.0
3224,3800000.0
3225,1260000.0
3226,1030000.0
3227,1280000.0
3228,850000.0
3229,590000.0
3230,2200000.0
3231,2120000.0
3232,1550000.0
3233,3440000.0
3234,430000.0
3235,620000.0
3236,1170000.0
3237,5140000.0
3238,260000.0
3239,1870000.0
3240,4270000.0
3241,980000.0
3242,1500000.0
3243,950000.0
3244,820000.0
3245,1540000.0
3246,600000.0
3247,1490000.0
3248,1820000.0
3249,2130000.0
3250,1270000.0
3251,1290000.0
3252,2180000.0
3253,1730000.0
3254,2020000.0
3255,900000.0
3256,1250000.0
3257,620000.0
3258,980000.0
3259,4100000.0
3260,2800000.0
3261,1970000.0
3262,1850000.0
3263,1130000.0
3264,2510000.0
3265,1110000.0
3266,710000.0
3267,560000.0
3268,1250000.0
3269,1110000.0
3270,1400000.0
3271,660000.0
3272,960000.0
3273,320000.0
3274,600000.0
3275,2590000.0
3276,1610000.0
3277,3910000.0
3278,1200000.0
3279,1350000.0
3280,2140000.0
3281,3860000.0
3282,540000.0
3283,1740000.0
3284,600000.0
3285,900000.0
3286,1750000.0
3287,960000.0
3288,900000.0
3289,990000.0
3290,1540000.0
3291,660000.0
3292,1140000.0
3293,5440000.0
3294,600000.0
3295,1240000.0
3296,1250000.0
3297,1390000.0
3298,2360000.0
3299,1140000.0
3300,1220000.0
3301,930000.0
3302,600000.0
3303,190000.0
3304,480000.0
3305,720000.0
3306,1310000.0
3307,960000.0
3308,490000.0
3309,950000.0
3310,4000000.0
3311,550000.0
3312,830000.0
3313,1170000.0
3314,680000.0
3315,3220000.0
3316,2280000.0
3317,660000.0
3318,1000000.0
3319,1040000.0
3320,480000.0
3321,1300000.0
3322,2330000.0
3323,400000.0
3324,640000.0
3325,4580000.0
3326,490000.0
3327,2020000.0
3328,2730000.0
3329,1970000.0
3330,2370000.0
3331,1650000.0
3332,1000000.0
3333,920000.0
3334,3220000.0
3335,1200000.0
3336,1170000.0
3337,1490000.0
3338,2630000.0
3339,910000.0
3340,6500000.0
3341,1350000.0
3342,5150000.0
3343,2540000.0
3344,3000000.0
3345,2280000.0
3346,820000.0
3347,660000.0
3348,310000.0
3349,990000.0
3350,2770000.0
3351,870000.0
3352,1530000.0
3353,500000.0
3354,200000.0
3355,1300000.0
3356,1030000.0
3357,750000.0
3358,4320000.0
3359,2600000.0
3360,950000.0
3361,470000.0
3362,220000.0
3363,2760000.0
3364,1250000.0
3365,1810000.0
3366,580000.0
3367,720000.0
3368,1240000.0
3369,840000.0
3370,1350000.0
3371,2280000.0
3372,990000.0
3373,810000.0
3374,940000.0
3375,640000.0
3376,950000.0
3377,2520000.0
3378,160000.0
3379,670000.0
3380,3840000.0
3381,5720000.0
3382,320000.0
3383,750000.0
3384,780000.0
3385,2550000.0
3386,2070000.0
3387,1380000.0
3388,5570000.0
3389,1540000.0
3390,1230000.0
3391,1500000.0
3392,2630000.0
3393,2380000.0
3394,1490000.0
3395,2610000.0
3396,3250000.0
3397,1930000.0
3398,940000.0
3399,3130000.0
3400,2180000.0
3401,1970000.0
3402,500000.0
3403,1230000.0
3404,3020000.0
3405,5360000.0
3406,610000.0
3407,3200000.0
3408,910000.0
3409,1120000.0
3410,1100000.0
3411,340000.0
3412,1090000.0
3413,1070000.0
3414,1110000.0
3415,640000.0
3416,430000.0
3417,2590000.0
3418,2750000.0
3419,2450000.0
3420,1910000.0
3421,2700000.0
3422,3740000.0
3423,720000.0
3424,1130000.0
3425,4200000.0
3426,540000.0
3427,1060000.0
3428,1400000.0
3429,560000.0
3430,2730000.0
3431,530000.0
3432,910000.0
3433,950000.0
3434,610000.0
3435,510000.0
3436,1780000.0
3437,1430000.0
3438,1050000.0
3439,240000.0
3440,400000.0
3441,920000.0
3442,4270000.0
3443,560000.0
3444,1100000.0
3445,950000.0
3446,3460000.0
3447,2000000.0
3448,930000.0
3449,1230000.0
3450,1010000.0
3451,410000.0
3452,1030000.0
3453,3710000.0
3454,1100000.0
3455,600000.0
3456,720000.0
3457,1160000.0
3458,540000.0
3459,1120000.0
3460,1330000.0
3461,650000.0
3462,550000.0
3463,550000.0
3464,2340000.0
3465,1500000.0
3466,1380000.0
3467,800000.0
3468,3020000.0
3469,710000.0
3470,1260000.0
3471,5100000.0
3472,640000.0
3473,2250000.0
3474,920000.0
3475,810000.0
3476,2870000.0
3477,1300000.0
3478,1230000.0
3479,530000.0
3480,1850000.0
3481,480000.0
3482,1260000.0
3483,920000.0
3484,1960000.0
3485,1200000.0
3486,530000.0
3487,4530000.0
3488,800000.0
3489,2750000.0
3490,2430000.0
3491,1190000.0
3492,1550000.0
3493,2750000.0
3494,1630000.0
3495,950000.0
3496,1390000.0
3497,970000.0
3498,630000.0
3499,410000.0
3500,690000.0
3501,3140000.0
3502,490000.0
3503,780000.0
3504,880000.0
3505,1090000.0
3506,560000.0
3507,1570000.0
3508,870000.0
3509,570000.0
3510,1200000.0
3511,700000.0
3512,870000.0
3513,570000.0
3514,450000.0
3515,870000.0
3516,1520000.0
3517,860000.0
3518,710000.0
3519,640000.0
3520,640000.0
3521,680000.0
3522,390000.0
3523,870000.0
3524,3130000.0
3525,1050000.0
3526,1210000.0
3527,880000.0
3528,770000.0
3529,580000.0
3530,2650000.0
3531,2620000.0
3532,870000.0
3533,2910000.0
3534,3240000.0
3535,2460000.0
3536,6550000.0
3537,1070000.0
3538,1620000.0
3539,1710000.0
3540,390000.0
3541,3980000.0
3542,320000.0
3543,460000.0
3544,2140000.0
3545,270000.0
3546,800000.0
3547,2460000.0
3548,1700000.0
3549,1490000.0
3550,950000.0
3551,410000.0
3552,960000.0
3553,1290000.0
3554,3170000.0
3555,710000.0
3556,1570000.0
3557,2830000.0
3558,1010000.0
3559,1400000.0
3560,900000.0
3561,1400000.0
3562,1330000.0
3563,600000.0
3564,920000.0
3565,1120000.0
3566,920000.0
3567,3350000.0
3568,1590000.0
3569,1150000.0
3570,1310000.0
3571,1070000.0
3572,2130000.0
3573,560000.0
3574,910000.0
3575,390000.0
3576,8450000.0
3577,1620000.0
3578,1790000.0
3579,1290000.0
3580,5340000.0
3581,560000.0
3582,1060000.0
3583,670000.0
3584,4000000.0
3585,350000.0
3586,1060000.0
3587,4160000.0
3588,890000.0
3589,1350000.0
3590,2490000.0
3591,710000.0
3592,650000.0
3593,1820000.0
3594,4540000.0
3595,6690000.0
3596,2030000.0
3597,2360000.0
3598,460000.0
3599,2480000.0
3600,650000.0
3601,1360000.0
3602,2320000.0
3603,2560000.0
3604,800000.0
3605,830000.0
3606,4260000.0
3607,980000.0
3608,1270000.0
3609,990000.0
3610,2200000.0
3611,1120000.0
3612,1120000.0
3613,1330000.0
3614,2060000.0
3615,3040000.0
3616,510000.0
3617,1820000.0
3618,1000000.0
3619,660000.0
3620,1190000.0
3621,970000.0
3622,1050000.0
3623,500000.0
3624,4900000.0
3625,860000.0
3626,6000000.0
3627,3110000.0
3628,1800000.0
3629,710000.0
3630,1370000.0
3631,3780000.0
3632,7390000.0
3633,1360000.0
3634,650000.0
3635,3370000.0
3636,2000000.0
3637,1220000.0
3638,4250000.0
3639,470000.0
3640,550000.0
3641,710000.0
3642,670000.0
3643,950000.0
3644,670000.0
3645,1020000.0
3646,1560000.0
3647,3600000.0
3648,480000.0
3649,880000.0
3650,3070000.0
3651,640000.0
3652,8510000.0
3653,460000.0
3654,670000.0
3655,1040000.0
3656,2840000.0
3657,920000.0
3658,790000.0
3659,980000.0
3660,10930000.0
3661,2520000.0
3662,1100000.0
3663,700000.0
3664,1150000.0
3665,2430000.0
3666,1870000.0
3667,840000.0
3668,3460000.0
3669,1400000.0
3670,690000.0
3671,1340000.0
3672,1240000.0
3673,1440000.0
3674,2080000.0
3675,1220000.0
3676,3110000.0
3677,3030000.0
3678,4050000.0
3679,2500000.0
3680,450000.0
3681,740000.0
3682,1090000.0
3683,490000.0
3684,640000.0
3685,2340000.0
3686,1270000.0
3687,690000.0
3688,2870000.0
3689,1500000.0
3690,2050000.0
3691,1280000.0
3692,1010000.0
3693,660000.0
3694,420000.0
3695,1220000.0
3696,940000.0
3697,1870000.0
3698,1830000.0
3699,1970000.0
3700,750000.0
3701,1540000.0
3702,1320000.0
3703,1360000.0
3704,2010000.0
3705,1900000.0
3706,780000.0
3707,710000.0
3708,650000.0
3709,1370000.0
3710,450000.0
3711,1020000.0
3712,660000.0
3713,200000.0
3714,550000.0
3715,880000.0
3716,690000.0
3717,1270000.0
3718,350000.0
3719,290000.0
3720,1070000.0
3721,2480000.0
3722,490000.0
3723,730000.0
3724,420000.0
3725,1100000.0
3726,1340000.0
3727,1660000.0
3728,2000000.0
3729,570000.0
3730,3410000.0
3731,1130000.0
3732,10070000.0
3733,880000.0
3734,600000.0
3735,510000.0
3736,1240000.0
3737,5990000.0
3738,660000.0
3739,800000.0
3740,770000.0
3741,4750000.0
3742,450000.0
3743,810000.0
3744,1070000.0
3745,510000.0
3746,2850000.0
3747,800000.0
3748,1510000.0
3749,630000.0
3750,710000.0
3751,1330000.0
3752,1540000.0
3753,1010000.0
3754,1290000.0
3755,730000.0
3756,830000.0
3757,7990000.0
3758,850000.0
3759,1090000.0
3760,1510000.0
3761,890000.0
3762,1970000.0
3763,1860000.0
3764,1210000.0
3765,1030000.0
3766,1450000.0
3767,490000.0
3768,1750000.0
3769,1380000.0
3770,2040000.0
3771,1080000.0
3772,1240000.0
3773,880000.0
3774,860000.0
3775,6920000.0
3776,1050000.0
3777,3100000.0
3778,1160000.0
3779,3420000.0
3780,2250000.0
3781,1350000.0
3782,1890000.0
3783,1700000.0
3784,1280000.0
3785,630000.0
3786,830000.0
3787,690000.0
3788,3030000.0
3789,250000.0
3790,480000.0
3791,1170000.0
3792,1890000.0
3793,820000.0
3794,3190000.0
3795,1320000.0
3796,4200000.0
3797,850000.0
3798,720000.0
3799,880000.0
3800,3250000.0
3801,350000.0
3802,870000.0
3803,930000.0
3804,6470000.0
3805,650000.0
3806,790000.0
3807,3060000.0
3808,570000.0
3809,1240000.0
3810,1170000.0
3811,830000.0
3812,700000.0
3813,3030000.0
3814,1970000.0
3815,1180000.0
3816,260000.0
3817,1980000.0
3818,1810000.0
3819,1700000.0
3820,1150000.0
3821,1340000.0
3822,440000.0
3823,960000.0
3824,1800000.0
3825,1630000.0
3826,4240000.0
3827,680000.0
3828,6580000.0
3829,2500000.0
3830,2160000.0
3831,1130000.0
3832,1170000.0
3833,2500000.0
3834,590000.0
3835,1130000.0
3836,1110000.0
